city,city_ascii,lat,lng,country,iso2,iso3,admin_name,capital,population,id
Casablanca,Casablanca,33.5992,-7.62,Morocco,MA,MAR,Casablanca-Settat,admin,3950000.0,1504175315
Tangier,Tangier,35.7767,-5.8039,Morocco,MA,MAR,Tanger-Tétouan-Al Hoceïma,admin,1275428.0,1504861504
Fès,Fes,34.0433,-5.0033,Morocco,MA,MAR,Fès-Meknès,admin,1167842.0,1504861997
Marrakech,Marrakech,31.6295,-7.9811,Morocco,MA,MAR,Marrakech-Safi,admin,1085330.0,1504172585
Sale,Sale,34.05,-6.8167,Morocco,MA,MAR,Rabat-Salé-Kénitra,,945101.0,1504989034
Meknès,Meknes,33.8833,-5.55,Morocco,MA,MAR,Fès-Meknès,,601000.0,1504333193
Rabat,Rabat,34.0211,-6.8414,Morocco,MA,MAR,Rabat-Salé-Kénitra,primary,572717.0,1504023252
Agadir,Agadir,30.4214,-9.5831,Morocco,MA,MAR,Souss-Massa,admin,538000.0,1504116858
Kenitra,Kenitra,34.25,-6.5833,Morocco,MA,MAR,Rabat-Salé-Kénitra,,507736.0,1504534876
Oujda-Angad,Oujda-Angad,34.6867,-1.9114,Morocco,MA,MAR,Oriental,admin,506224.0,1504891036
Tétouan,Tetouan,35.5667,-5.3667,Morocco,MA,MAR,Tanger-Tétouan-Al Hoceïma,,422757.0,1504709141
Safi,Safi,32.2833,-9.2333,Morocco,MA,MAR,Marrakech-Safi,,367249.0,1504000717
Taourirt,Taourirt,34.41,-2.89,Morocco,MA,MAR,Oriental,,321876.0,1504648957
Temara,Temara,33.9234,-6.9076,Morocco,MA,MAR,Rabat-Salé-Kénitra,,297098.0,1504016606
Laâyoune,Laayoune,27.15,-13.2,Morocco,MA,MAR,Laâyoune-Sakia El Hamra,,262791.0,1504000319
El Jadid,El Jadid,33.2566,-8.5025,Morocco,MA,MAR,Casablanca-Settat,,237464.0,1504964063
Ait Melloul,Ait Melloul,30.3342,-9.4972,Morocco,MA,MAR,Souss-Massa,,210870.0,1504134516
Béni Mellal,Beni Mellal,32.3394,-6.3608,Morocco,MA,MAR,Béni Mellal-Khénifra,admin,209594.0,1504131639
Bouskoura,Bouskoura,33.4489,-7.6486,Morocco,MA,MAR,Casablanca-Settat,,200359.0,1504503306
Tiznit,Tiznit,29.7,-9.7269,Morocco,MA,MAR,Souss-Massa,,196348.0,1504399838
Mohammedia,Mohammedia,33.6833,-7.3833,Morocco,MA,MAR,Casablanca-Settat,,194358.0,1504542634
Kouribga,Kouribga,32.88,-6.9,Morocco,MA,MAR,Béni Mellal-Khénifra,,191807.0,1504325928
Settat,Settat,33.0023,-7.6198,Morocco,MA,MAR,Casablanca-Settat,,171556.0,1504720478
Barrechid,Barrechid,33.27,-7.5872,Morocco,MA,MAR,Casablanca-Settat,,168687.0,1504194885
Ad Dakhla,Ad Dakhla,23.7167,-15.95,Morocco,MA,MAR,Dakhla-Oued Ed-Dahab,,165463.0,1504999983
Nador,Nador,35.1667,-2.9333,Morocco,MA,MAR,Oriental,,161726.0,1504811178
Taza,Taza,34.2144,-4.0088,Morocco,MA,MAR,Fès-Meknès,,148406.0,1504405154
Inezgane,Inezgane,30.3658,-9.5381,Morocco,MA,MAR,Souss-Massa,,137512.0,1504786674
Larache,Larache,35.1833,-6.15,Morocco,MA,MAR,Tanger-Tétouan-Al Hoceïma,,133731.0,1504637172
Al Khmissat,Al Khmissat,33.81,-6.06,Morocco,MA,MAR,Rabat-Salé-Kénitra,,131542.0,1504079907
Guelmim,Guelmim,28.9833,-10.0667,Morocco,MA,MAR,Guelmim-Oued Noun,admin,126729.0,1504110861
Ksar El Kebir,Ksar El Kebir,35.0,-5.9,Morocco,MA,MAR,Tanger-Tétouan-Al Hoceïma,,124701.0,1504230428
Khénifra,Khenifra,32.93,-5.66,Morocco,MA,MAR,Béni Mellal-Khénifra,,123738.0,1504143530
Skhirate,Skhirate,33.85,-7.03,Morocco,MA,MAR,Rabat-Salé-Kénitra,,122705.0,1504664899
Beni Yakhlef,Beni Yakhlef,33.6555,-7.3221,Morocco,MA,MAR,Casablanca-Settat,,117653.0,1504512130
Sidi Yahya Zaer,Sidi Yahya Zaer,33.7105,-6.8831,Morocco,MA,MAR,Rabat-Salé-Kénitra,,116649.0,1504365068
Ben Guerir,Ben Guerir,32.23,-7.95,Morocco,MA,MAR,Marrakech-Safi,,114872.0,1504909564
Ait Ali,Ait Ali,30.1739,-9.4881,Morocco,MA,MAR,Souss-Massa,,113236.0,1504009062
My Drarga,My Drarga,30.3805,-9.4763,Morocco,MA,MAR,Souss-Massa,,107621.0,1504399163
Lqoliaa,Lqoliaa,30.2942,-9.4544,Morocco,MA,MAR,Souss-Massa,,107133.0,1504675410
El Kelaa des Srarhna,El Kelaa des Srarhna,32.05,-7.4,Morocco,MA,MAR,Marrakech-Safi,,106418.0,1504846488
Moulay Abdallah,Moulay Abdallah,33.1978,-8.5883,Morocco,MA,MAR,Casablanca-Settat,,103993.0,1504563452
Tiflet,Tiflet,33.9,-6.33,Morocco,MA,MAR,Rabat-Salé-Kénitra,,103850.0,1504661999
Oulad Teïma,Oulad Teima,30.4,-9.21,Morocco,MA,MAR,Souss-Massa,,100284.0,1504278611
Berkane,Berkane,34.9167,-2.3167,Morocco,MA,MAR,Oriental,,99069.0,1504282363
Ain El Aouda,Ain El Aouda,33.8111,-6.7922,Morocco,MA,MAR,Rabat-Salé-Kénitra,,98502.0,1504400263
Errachidia,Errachidia,31.9319,-4.4244,Morocco,MA,MAR,Drâa-Tafilalet,admin,97687.0,1504005759
Al Fqih Ben Çalah,Al Fqih Ben Calah,32.507,-6.6886,Morocco,MA,MAR,Béni Mellal-Khénifra,,97380.0,1504975687
Ad Darwa,Ad Darwa,33.4167,-7.5333,Morocco,MA,MAR,Casablanca-Settat,,96619.0,1504000451
Martil,Martil,35.61,-5.27,Morocco,MA,MAR,Tanger-Tétouan-Al Hoceïma,,95896.0,1504341023
Sidi Slimane,Sidi Slimane,34.26,-5.93,Morocco,MA,MAR,Rabat-Salé-Kénitra,,95114.0,1504101128
Oued Zem,Oued Zem,32.8619,-6.5711,Morocco,MA,MAR,Béni Mellal-Khénifra,,93776.0,1504098746
Sa’ada,Sa'ada,31.6258,-8.1028,Morocco,MA,MAR,Marrakech-Safi,,91903.0,1504926324
Douar Ain Chkef,Douar Ain Chkef,33.9636,-5.0281,Morocco,MA,MAR,Fès-Meknès,,91541.0,1504020762
Gueznaia,Gueznaia,35.7066,-5.9088,Morocco,MA,MAR,Tanger-Tétouan-Al Hoceïma,,88676.0,1504255211
Sefrou,Sefrou,33.83,-4.83,Morocco,MA,MAR,Fès-Meknès,,86903.0,1504820285
Qal’at Mgouna,Qal'at Mgouna,31.2414,-6.1283,Morocco,MA,MAR,Drâa-Tafilalet,,83748.0,1504989758
Taroudannt,Taroudannt,30.4711,-8.8778,Morocco,MA,MAR,Souss-Massa,,83496.0,1504415764
Essaouira,Essaouira,31.513,-9.7687,Morocco,MA,MAR,Marrakech-Safi,,82962.0,1504845522
Azrou,Azrou,33.4344,-5.2213,Morocco,MA,MAR,Fès-Meknès,,81350.0,1504585311
Guercif,Guercif,34.23,-3.36,Morocco,MA,MAR,Oriental,,80703.0,1504842310
Warzat,Warzat,30.9167,-6.9167,Morocco,MA,MAR,Drâa-Tafilalet,,79218.0,1504381507
Fnidq,Fnidq,35.8414,-5.3587,Morocco,MA,MAR,Tanger-Tétouan-Al Hoceïma,,77250.0,1504670555
Sidi Taibi,Sidi Taibi,32.16,-8.58,Morocco,MA,MAR,Rabat-Salé-Kénitra,,76227.0,1504376928
Tan-Tan,Tan-Tan,28.4333,-11.1,Morocco,MA,MAR,Guelmim-Oued Noun,,76134.0,1504164174
Sidi Qacem,Sidi Qacem,34.21,-5.7,Morocco,MA,MAR,Rabat-Salé-Kénitra,,75037.0,1504300626
Sidi Bibi,Sidi Bibi,30.2333,-9.5333,Morocco,MA,MAR,Souss-Massa,,72929.0,1504682772
M’diq,M'diq,35.68,-5.32,Morocco,MA,MAR,Tanger-Tétouan-Al Hoceïma,,67599.0,1504774869
Benslimane,Benslimane,33.6122,-7.1211,Morocco,MA,MAR,Casablanca-Settat,,67317.0,1504790296
Youssoufia,Youssoufia,32.25,-8.53,Morocco,MA,MAR,Marrakech-Safi,,65669.0,1504459034
Midalt,Midalt,32.68,-4.74,Morocco,MA,MAR,Drâa-Tafilalet,,62648.0,1504279379
Aïn Harrouda,Ain Harrouda,33.6372,-7.4483,Morocco,MA,MAR,Casablanca-Settat,,60804.0,1504718611
Souq Sebt Oulad Nemma,Souq Sebt Oulad Nemma,32.3,-6.7,Morocco,MA,MAR,Béni Mellal-Khénifra,,60293.0,1504194496
Mehdya,Mehdya,34.2557,-6.6745,Morocco,MA,MAR,Rabat-Salé-Kénitra,,58558.0,1504438304
Ouezzane,Ouezzane,34.8,-5.6,Morocco,MA,MAR,Tanger-Tétouan-Al Hoceïma,,57737.0,1504736892
Semara,Semara,26.7394,-11.6703,Morocco,MA,MAR,Laâyoune-Sakia El Hamra,,57035.0,1504999984
Ait Ourir,Ait Ourir,31.5644,-7.6628,Morocco,MA,MAR,Marrakech-Safi,,56954.0,1504763448
Oulad Tayeb,Oulad Tayeb,33.9598,-4.9954,Morocco,MA,MAR,Fès-Meknès,,56352.0,1504027412
Tit Mellil,Tit Mellil,33.5533,-7.4822,Morocco,MA,MAR,Casablanca-Settat,,56019.0,1504892729
Sidi Bennour,Sidi Bennour,32.655,-8.4292,Morocco,MA,MAR,Casablanca-Settat,,55847.0,1504893162
Bouznika,Bouznika,33.7894,-7.1597,Morocco,MA,MAR,Casablanca-Settat,,55722.0,1504766743
Sidi Mohamed Lahmar,Sidi Mohamed Lahmar,34.7167,-6.2667,Morocco,MA,MAR,Rabat-Salé-Kénitra,,52679.0,1504538713
Temsia,Temsia,30.3633,-9.4144,Morocco,MA,MAR,Souss-Massa,,52663.0,1504419242
Biougra,Biougra,30.2144,-9.3708,Morocco,MA,MAR,Souss-Massa,,50626.0,1504630552
Ourika Wawrmas,Ourika Wawrmas,31.378,-7.8048,Morocco,MA,MAR,Drâa-Tafilalet,,50558.0,1504021700
Beni Enzar,Beni Enzar,35.2569,-2.9342,Morocco,MA,MAR,Oriental,,50508.0,1504616684
Al Hoceïma,Al Hoceima,35.2472,-3.9322,Morocco,MA,MAR,Tanger-Tétouan-Al Hoceïma,,50225.0,1504990575
Douar Laouamra,Douar Laouamra,31.8,-8.7167,Morocco,MA,MAR,Marrakech-Safi,,48253.0,1504542773
Qasbat Tadla,Qasbat Tadla,32.6,-6.26,Morocco,MA,MAR,Béni Mellal-Khénifra,,48172.0,1504612704
Aziylal,Aziylal,31.96,-6.56,Morocco,MA,MAR,Béni Mellal-Khénifra,,48138.0,1504084050
Boujad,Boujad,32.7741,-6.3925,Morocco,MA,MAR,Béni Mellal-Khénifra,,47209.0,1504259447
Al Aaroui,Al Aaroui,35.0104,-3.0073,Morocco,MA,MAR,Oriental,,46540.0,1504779155
Mrirt,Mrirt,33.1654,-5.5634,Morocco,MA,MAR,Béni Mellal-Khénifra,,46285.0,1504917091
Chefchaouene,Chefchaouene,35.1714,-5.2697,Morocco,MA,MAR,Tanger-Tétouan-Al Hoceïma,,46168.0,1504471687
Tineghir,Tineghir,31.5147,-5.5328,Morocco,MA,MAR,Drâa-Tafilalet,,44239.0,1504760525
Bouknadel,Bouknadel,34.1766,-6.6893,Morocco,MA,MAR,Rabat-Salé-Kénitra,,43598.0,1504368806
Douar Bni Malek,Douar Bni Malek,34.7583,-6.0572,Morocco,MA,MAR,Tanger-Tétouan-Al Hoceïma,,43282.0,1504252777
Had Abdallah Rhiat,Had Abdallah Rhiat,31.5183,-7.8494,Morocco,MA,MAR,Marrakech-Safi,,43237.0,1504615622
Cabo Bojador,Cabo Bojador,26.1269,-14.4992,Morocco,MA,MAR,Laâyoune-Sakia El Hamra,,42651.0,1504003884
Zagora,Zagora,30.3316,-5.8376,Morocco,MA,MAR,Drâa-Tafilalet,,42294.0,1504579638
Azemmour,Azemmour,33.2833,-8.3333,Morocco,MA,MAR,Casablanca-Settat,,42098.0,1504675793
Mnasra,Mnasra,34.7667,-5.5167,Morocco,MA,MAR,Tanger-Tétouan-Al Hoceïma,,41434.0,1504815098
El Hajeb,El Hajeb,33.6928,-5.3711,Morocco,MA,MAR,Fès-Meknès,,41359.0,1504718907
Jerada,Jerada,34.31,-2.16,Morocco,MA,MAR,Oriental,,41014.0,1504230609
El Aïoun,El Aioun,34.5726,-2.5127,Morocco,MA,MAR,Oriental,,40652.0,1504312724
Tameslouht,Tameslouht,31.5,-8.1,Morocco,MA,MAR,Marrakech-Safi,,40283.0,1504936367
Sidi Yahia El Gharb,Sidi Yahia El Gharb,34.3058,-6.3058,Morocco,MA,MAR,Rabat-Salé-Kénitra,,39946.0,1504994850
Taounate,Taounate,34.5358,-4.64,Morocco,MA,MAR,Fès-Meknès,,39114.0,1504565730
Bahharet Oulad Ayyad,Bahharet Oulad Ayyad,34.7703,-6.3047,Morocco,MA,MAR,Rabat-Salé-Kénitra,,38611.0,1504139256
Chichaoua,Chichaoua,31.5333,-8.7667,Morocco,MA,MAR,Marrakech-Safi,,38452.0,1504125569
Al ’Attawia,Al 'Attawia,31.83,-7.31,Morocco,MA,MAR,Marrakech-Safi,,38405.0,1504496327
Tabount,Tabount,30.9014,-6.9217,Morocco,MA,MAR,Drâa-Tafilalet,,37465.0,1504000158
Bellaa,Bellaa,30.0314,-9.5542,Morocco,MA,MAR,Souss-Massa,,36774.0,1504167169
Zaïo,Zaio,34.9396,-2.7334,Morocco,MA,MAR,Oriental,,36766.0,1504831853
Zoumi,Zoumi,34.8,-5.35,Morocco,MA,MAR,Tanger-Tétouan-Al Hoceïma,,36573.0,1504309761
Aguelmous,Aguelmous,33.1324,-5.8366,Morocco,MA,MAR,Béni Mellal-Khénifra,,36560.0,1504241696
Mograne,Mograne,34.4497,-6.3562,Morocco,MA,MAR,Rabat-Salé-Kénitra,,36452.0,1504174936
Zawyat an Nwaçer,Zawyat an Nwacer,33.3611,-7.6114,Morocco,MA,MAR,Casablanca-Settat,,36326.0,1504451401
Asilah,Asilah,35.4667,-6.0333,Morocco,MA,MAR,Tanger-Tétouan-Al Hoceïma,,36039.0,1504676037
Douar Oulad Hssine,Douar Oulad Hssine,33.0681,-8.5108,Morocco,MA,MAR,Casablanca-Settat,,36018.0,1504473203
Dabouziya,Dabouziya,33.2172,-8.419,Morocco,MA,MAR,Casablanca-Settat,,35777.0,1504001026
Lalla Mimouna,Lalla Mimouna,34.85,-6.0669,Morocco,MA,MAR,Rabat-Salé-Kénitra,,35600.0,1504801532
Aourir,Aourir,30.5252,-9.6116,Morocco,MA,MAR,Souss-Massa,,35365.0,1504616385
Arbaoua,Arbaoua,34.9132,-5.9308,Morocco,MA,MAR,Rabat-Salé-Kénitra,,35077.0,1504079088
Imzouren,Imzouren,35.1464,-3.8506,Morocco,MA,MAR,Tanger-Tétouan-Al Hoceïma,,34848.0,1504878608
Mediouna,Mediouna,33.4556,-7.5208,Morocco,MA,MAR,Casablanca-Settat,,34510.0,1504371270
Demnat,Demnat,31.7311,-7.0361,Morocco,MA,MAR,Béni Mellal-Khénifra,,33635.0,1504747424
Ben Ahmed,Ben Ahmed,33.0714,-7.2436,Morocco,MA,MAR,Casablanca-Settat,,33469.0,1504202051
Oulad Hammou,Oulad Hammou,33.25,-8.3347,Morocco,MA,MAR,Casablanca-Settat,,33380.0,1504007795
Aït Faska,Ait Faska,31.5058,-7.7161,Morocco,MA,MAR,Marrakech-Safi,,33076.0,1504886930
Aïn Taoujdat,Ain Taoujdat,33.9333,-5.2167,Morocco,MA,MAR,Fès-Meknès,,33055.0,1504497923
Ksebia,Ksebia,34.2933,-6.1594,Morocco,MA,MAR,Rabat-Salé-Kénitra,,33007.0,1504059620
Dar Bel Hamri,Dar Bel Hamri,34.1889,-5.9697,Morocco,MA,MAR,Rabat-Salé-Kénitra,,32873.0,1504221505
Sidi Smai’il,Sidi Smai'il,32.8167,-8.5,Morocco,MA,MAR,Casablanca-Settat,,32694.0,1504182456
Moulay Bousselham,Moulay Bousselham,34.8786,-6.2933,Morocco,MA,MAR,Rabat-Salé-Kénitra,,32643.0,1504188471
Mechraa Bel Ksiri,Mechraa Bel Ksiri,34.56,-5.95,Morocco,MA,MAR,Rabat-Salé-Kénitra,,32615.0,1504646910
Souk et Tnine Jorf el Mellah,Souk et Tnine Jorf el Mellah,34.4945,-5.5047,Morocco,MA,MAR,Rabat-Salé-Kénitra,,31976.0,1504332951
Zeghanghane,Zeghanghane,35.1575,-3.0017,Morocco,MA,MAR,Oriental,,31431.0,1504260154
Bni Frassen,Bni Frassen,34.3819,-4.3761,Morocco,MA,MAR,Fès-Meknès,,30683.0,1504574079
Oulad Barhil,Oulad Barhil,30.6408,-8.475,Morocco,MA,MAR,Souss-Massa,,30330.0,1504160582
Bir Jdid,Bir Jdid,33.3737,-8.0002,Morocco,MA,MAR,Casablanca-Settat,,30247.0,1504415482
Bou Arfa,Bou Arfa,32.531,-1.9631,Morocco,MA,MAR,Oriental,,30068.0,1504454457
Oulad Zemam,Oulad Zemam,32.35,-6.6333,Morocco,MA,MAR,Béni Mellal-Khénifra,,30039.0,1504396811
Taza,Taza,35.0639,-5.2025,Morocco,MA,MAR,Tanger-Tétouan-Al Hoceïma,,29895.0,1504253957
Selouane,Selouane,35.0708,-2.9392,Morocco,MA,MAR,Oriental,,29628.0,1504039594
Fritissa,Fritissa,33.6962,-3.438,Morocco,MA,MAR,Fès-Meknès,,29594.0,1504842954
Tahannawt,Tahannawt,31.3514,-7.9508,Morocco,MA,MAR,Marrakech-Safi,,29562.0,1504266057
Sidi Allal el Bahraoui,Sidi Allal el Bahraoui,33.983,-6.417,Morocco,MA,MAR,Rabat-Salé-Kénitra,,29147.0,1504503519
El Mansouria,El Mansouria,33.75,-7.3,Morocco,MA,MAR,Casablanca-Settat,,29139.0,1504714536
Arfoud,Arfoud,31.4361,-4.2328,Morocco,MA,MAR,Drâa-Tafilalet,,28912.0,1504190665
Sabaa Aiyoun,Sabaa Aiyoun,33.9031,-5.3786,Morocco,MA,MAR,Fès-Meknès,,28736.0,1504462212
Ej Jem’a Ghemat,Ej Jem'a Ghemat,31.4278,-7.7922,Morocco,MA,MAR,Marrakech-Safi,,28674.0,1504720360
Tahla,Tahla,34.05,-4.42,Morocco,MA,MAR,Fès-Meknès,,28612.0,1504092591
Aïn Cheggag,Ain Cheggag,33.8635,-5.0599,Morocco,MA,MAR,Fès-Meknès,,28584.0,1504540865
Rich,Rich,32.2593,-4.4991,Morocco,MA,MAR,Drâa-Tafilalet,,28462.0,1504005566
Missour,Missour,33.05,-3.9908,Morocco,MA,MAR,Fès-Meknès,,28408.0,1504694053
Safsaf,Safsaf,34.5581,-6.0078,Morocco,MA,MAR,Rabat-Salé-Kénitra,,28106.0,1504872939
Douar Olad. Salem,Douar Olad. Salem,32.8739,-8.8589,Morocco,MA,MAR,Casablanca-Settat,,27895.0,1504813232
Oulad Hassoune,Oulad Hassoune,31.6503,-7.8361,Morocco,MA,MAR,Marrakech-Safi,,27314.0,1504841903
Hairel Nhai,Hairel Nhai,35.6108,-5.9186,Morocco,MA,MAR,Tanger-Tétouan-Al Hoceïma,,27204.0,1504390112
Sidi Lmokhtar,Sidi Lmokhtar,31.57,-9.01,Morocco,MA,MAR,Marrakech-Safi,,27083.0,1504925399
Lamzoudia,Lamzoudia,31.5833,-8.4833,Morocco,MA,MAR,Marrakech-Safi,,27004.0,1504553058
Douar Toulal,Douar Toulal,33.8951,-5.6021,Morocco,MA,MAR,Fès-Meknès,,26970.0,1504858900
Douar Oulad Aj-jabri,Douar Oulad Aj-jabri,32.2567,-6.7839,Morocco,MA,MAR,Béni Mellal-Khénifra,,26733.0,1504025075
Echemmaia Est,Echemmaia Est,32.0706,-8.6533,Morocco,MA,MAR,Marrakech-Safi,,26547.0,1504437117
Ouaoula,Ouaoula,31.8075,-6.7821,Morocco,MA,MAR,Béni Mellal-Khénifra,,26410.0,1504340462
Khenichet-sur Ouerrha,Khenichet-sur Ouerrha,34.4383,-5.6844,Morocco,MA,MAR,Rabat-Salé-Kénitra,,26246.0,1504817862
Sidi Abdelkader,Sidi Abdelkader,33.0494,-8.6886,Morocco,MA,MAR,Casablanca-Settat,,25935.0,1504001212
Oulad Yaïch,Oulad Yaich,32.4167,-6.3333,Morocco,MA,MAR,Béni Mellal-Khénifra,,25785.0,1504233317
Had Oulad Issa,Had Oulad Issa,32.9307,-8.682,Morocco,MA,MAR,Casablanca-Settat,,25367.0,1504891592
Oulad Said,Oulad Said,32.632,-8.8456,Morocco,MA,MAR,Casablanca-Settat,,25231.0,1504360657
Zawyat ech Cheïkh,Zawyat ech Cheikh,32.6541,-5.9214,Morocco,MA,MAR,Béni Mellal-Khénifra,,25088.0,1504071186
Imi-n-Tanout,Imi-n-Tanout,31.177,-8.8504,Morocco,MA,MAR,Marrakech-Safi,,25049.0,1504593970
Bourdoud,Bourdoud,34.5922,-4.5492,Morocco,MA,MAR,Fès-Meknès,,24823.0,1504015338
Ain Aicha,Ain Aicha,34.4,-4.6619,Morocco,MA,MAR,Fès-Meknès,,24723.0,1504818592
Sebt Gzoula,Sebt Gzoula,32.1219,-9.0889,Morocco,MA,MAR,Marrakech-Safi,,24600.0,1504003595
Douar Ouled Ayad,Douar Ouled Ayad,32.4167,-7.1,Morocco,MA,MAR,Casablanca-Settat,,24564.0,1504223555
Tamorot,Tamorot,34.9363,-4.7794,Morocco,MA,MAR,Tanger-Tétouan-Al Hoceïma,,24541.0,1504592587
Douar ’Ayn Dfali,Douar 'Ayn Dfali,33.9536,-4.4527,Morocco,MA,MAR,Fès-Meknès,,24521.0,1504477105
Ain Dfali,Ain Dfali,34.5984,-5.5473,Morocco,MA,MAR,Rabat-Salé-Kénitra,,24521.0,1504618863
Foum el Anser,Foum el Anser,32.3717,-6.2614,Morocco,MA,MAR,Béni Mellal-Khénifra,,24232.0,1504049816
Souk Tlet El Gharb,Souk Tlet El Gharb,34.6211,-6.1336,Morocco,MA,MAR,Rabat-Salé-Kénitra,,24190.0,1504595315
Setti Fatma,Setti Fatma,31.2256,-7.6758,Morocco,MA,MAR,Marrakech-Safi,,24159.0,1504468462
Skoura,Skoura,31.0672,-6.5397,Morocco,MA,MAR,Drâa-Tafilalet,,24053.0,1504320897
Oulad Salmane,Oulad Salmane,34.3443,-6.4944,Morocco,MA,MAR,Rabat-Salé-Kénitra,,23848.0,1504113014
Zegzel,Zegzel,34.8407,-2.3543,Morocco,MA,MAR,Oriental,,23846.0,1504844688
Ayt Mohamed,Ayt Mohamed,31.8803,-6.4711,Morocco,MA,MAR,Béni Mellal-Khénifra,,23531.0,1504703331
Douar Imoukkane,Douar Imoukkane,35.0601,-4.839,Morocco,MA,MAR,Tanger-Tétouan-Al Hoceïma,,23132.0,1504341644
El Ghiate,El Ghiate,32.0331,-9.1625,Morocco,MA,MAR,Marrakech-Safi,,23109.0,1504222954
Douar Azla,Douar Azla,35.5564,-5.2453,Morocco,MA,MAR,Tanger-Tétouan-Al Hoceïma,,22985.0,1504601982
Ait Bouziyane,Ait Bouziyane,33.8167,-5.2749,Morocco,MA,MAR,Fès-Meknès,,22780.0,1504248874
Had Beni Chiker,Had Beni Chiker,35.2735,-3.0151,Morocco,MA,MAR,Oriental,,22763.0,1504304908
Sidi Ifni,Sidi Ifni,29.3798,-10.173,Morocco,MA,MAR,Guelmim-Oued Noun,,22696.0,1504270532
Haddada,Haddada,34.222,-6.511,Morocco,MA,MAR,Rabat-Salé-Kénitra,,22652.0,1504933242
Asni,Asni,31.1676,-7.9126,Morocco,MA,MAR,Marrakech-Safi,,22637.0,1504093117
Tnine Lgharbia,Tnine Lgharbia,32.5719,-8.8569,Morocco,MA,MAR,Casablanca-Settat,,22622.0,1504401185
Arbi’a Tighadwiyn,Arbi'a Tighadwiyn,31.4279,-7.5253,Morocco,MA,MAR,Marrakech-Safi,,22353.0,1504625035
Sidi Allal Tazi,Sidi Allal Tazi,34.5197,-6.3236,Morocco,MA,MAR,Rabat-Salé-Kénitra,,22266.0,1504240446
Tlet Ighoud,Tlet Ighoud,31.8586,-8.8842,Morocco,MA,MAR,Marrakech-Safi,,22080.0,1504614371
Imouzzer Kandar,Imouzzer Kandar,33.73,-5.01,Morocco,MA,MAR,Fès-Meknès,,21943.0,1504932203
Station des Essais M.V.A.,Station des Essais M.V.A.,34.9134,-2.5117,Morocco,MA,MAR,Oriental,,21800.0,1504298109
Oualidia,Oualidia,32.7314,-9.0339,Morocco,MA,MAR,Casablanca-Settat,,21742.0,1504305960
Boumia,Boumia,32.7167,-5.1,Morocco,MA,MAR,Drâa-Tafilalet,,21713.0,1504947716
Oulad Embarek,Oulad Embarek,32.2988,-6.4845,Morocco,MA,MAR,Béni Mellal-Khénifra,,21636.0,1504452976
Caidat Sidi Boubker El Haj,Caidat Sidi Boubker El Haj,34.9147,-6.0733,Morocco,MA,MAR,Rabat-Salé-Kénitra,,21610.0,1504131696
Awlouz,Awlouz,30.7,-8.15,Morocco,MA,MAR,Souss-Massa,,21502.0,1504521135
Amizmiz,Amizmiz,31.21,-8.25,Morocco,MA,MAR,Marrakech-Safi,,21445.0,1504971543
Chouafaa,Chouafaa,34.9468,-6.1667,Morocco,MA,MAR,Rabat-Salé-Kénitra,,21374.0,1504441282
Tighedouine,Tighedouine,31.4236,-7.5208,Morocco,MA,MAR,Marrakech-Safi,,21161.0,1504874700
Ait Ben Daoudi,Ait Ben Daoudi,31.6345,-7.644,Morocco,MA,MAR,Marrakech-Safi,,21010.0,1504718613
Alnif,Alnif,31.1183,-5.1135,Morocco,MA,MAR,Drâa-Tafilalet,,20978.0,1504225472
Karia Ba Mohamed,Karia Ba Mohamed,34.3667,-5.2,Morocco,MA,MAR,Fès-Meknès,,20859.0,1504442421
Saka,Saka,34.6167,-3.4167,Morocco,MA,MAR,Oriental,,20857.0,1504711196
Sidi Abdel Aziz,Sidi Abdel Aziz,33.0102,-8.6482,Morocco,MA,MAR,Casablanca-Settat,,20854.0,1504001788
Outat Oulad Al Haj,Outat Oulad Al Haj,33.3335,-3.7077,Morocco,MA,MAR,Fès-Meknès,,20673.0,1504806480
Sidi Rahal,Sidi Rahal,33.4774,-7.9364,Morocco,MA,MAR,Casablanca-Settat,,20628.0,1504637195
Tamallalt,Tamallalt,31.8288,-7.5262,Morocco,MA,MAR,Marrakech-Safi,,20528.0,1504009378
El Gara,El Gara,33.2819,-7.2319,Morocco,MA,MAR,Casablanca-Settat,,20467.0,1504734362
Douar Lamrabih,Douar Lamrabih,34.4759,-5.4445,Morocco,MA,MAR,Rabat-Salé-Kénitra,,20461.0,1504888923
Sidi Jaber,Sidi Jaber,32.3534,-6.4336,Morocco,MA,MAR,Béni Mellal-Khénifra,,20455.0,1504230672
Sidi Chiker,Sidi Chiker,31.7453,-8.7069,Morocco,MA,MAR,Marrakech-Safi,,20291.0,1504682316
Tidili Masfiywat,Tidili Masfiywat,31.45,-7.6,Morocco,MA,MAR,Marrakech-Safi,,20283.0,1504563620
Afourar,Afourar,32.2083,-6.5403,Morocco,MA,MAR,Béni Mellal-Khénifra,,20215.0,1504710376
Oulad Fraj,Oulad Fraj,33.0196,-8.1809,Morocco,MA,MAR,Casablanca-Settat,,20176.0,1504478947
Tarhzirt,Tarhzirt,32.4173,-6.15,Morocco,MA,MAR,Béni Mellal-Khénifra,,20023.0,1504643080
Bni Bouayach,Bni Bouayach,35.1056,-3.8503,Morocco,MA,MAR,Tanger-Tétouan-Al Hoceïma,,20013.0,1504579713
El Ksiba,El Ksiba,32.5681,-6.0308,Morocco,MA,MAR,Béni Mellal-Khénifra,,19964.0,1504390061
Had Zraqtane,Had Zraqtane,31.45,-7.4,Morocco,MA,MAR,Marrakech-Safi,,19926.0,1504613352
Tamri,Tamri,30.695,-9.825,Morocco,MA,MAR,Souss-Massa,,19790.0,1504501049
Jnane Bouih,Jnane Bouih,32.0308,-8.7894,Morocco,MA,MAR,Marrakech-Safi,,19755.0,1504889186
Imi n’Oulaoun,Imi n'Oulaoun,31.4224,-6.5641,Morocco,MA,MAR,Drâa-Tafilalet,,19734.0,1504402350
Nzalat Laadam,Nzalat Laadam,32.0806,-7.93,Morocco,MA,MAR,Marrakech-Safi,,19635.0,1504318940
Oulmes,Oulmes,33.4167,-6.0167,Morocco,MA,MAR,Rabat-Salé-Kénitra,,19579.0,1504050150
Tata,Tata,29.7428,-7.9725,Morocco,MA,MAR,Souss-Massa,,19544.0,1504497241
Ait Bousarane,Ait Bousarane,31.7318,-7.0876,Morocco,MA,MAR,Béni Mellal-Khénifra,,19501.0,1504791291
Al Brouj,Al Brouj,32.5131,-7.1957,Morocco,MA,MAR,Casablanca-Settat,,19438.0,1504448147
Jdour,Jdour,32.1269,-8.7633,Morocco,MA,MAR,Marrakech-Safi,,19390.0,1504892254
Douar Ait Sidi Daoud,Douar Ait Sidi Daoud,31.6347,-7.6444,Morocco,MA,MAR,Marrakech-Safi,,19286.0,1504024368
Tamgrout,Tamgrout,30.2612,-5.682,Morocco,MA,MAR,Drâa-Tafilalet,,19207.0,1504571275
Laaouama,Laaouama,35.7167,-5.8,Morocco,MA,MAR,Tanger-Tétouan-Al Hoceïma,,19187.0,1504439962
’Ali Ben Sliman,'Ali Ben Sliman,31.9543,-7.1738,Morocco,MA,MAR,Marrakech-Safi,,19164.0,1504127885
Douar Lamjaara,Douar Lamjaara,34.6147,-5.2886,Morocco,MA,MAR,Tanger-Tétouan-Al Hoceïma,,19162.0,1504061051
Agourai,Agourai,33.6333,-5.5833,Morocco,MA,MAR,Fès-Meknès,,19158.0,1504734608
Mahbés,Mahbes,27.4728,-8.9875,Morocco,MA,MAR,Guelmim-Oued Noun,,19139.0,1504003882
Douar Ait Ouallal,Douar Ait Ouallal,33.95,-5.3,Morocco,MA,MAR,Fès-Meknès,,19079.0,1504167096
Laatatra,Laatatra,32.6314,-8.4147,Morocco,MA,MAR,Casablanca-Settat,,18928.0,1504800245
Sidi Yakoub,Sidi Yakoub,31.6667,-7.0667,Morocco,MA,MAR,Béni Mellal-Khénifra,,18868.0,1504968095
Moul El Bergui,Moul El Bergui,32.5113,-8.9849,Morocco,MA,MAR,Marrakech-Safi,,18856.0,1504152809
Malloussa,Malloussa,35.7369,-5.6319,Morocco,MA,MAR,Tanger-Tétouan-Al Hoceïma,,18854.0,1504867364
Sidi al Ghandour,Sidi al Ghandour,33.8536,-6.0597,Morocco,MA,MAR,Rabat-Salé-Kénitra,,18587.0,1504001719
Aït Majdane,Ait Majdane,31.8514,-6.9658,Morocco,MA,MAR,Béni Mellal-Khénifra,,18538.0,1504617199
Ribat Al Khayr,Ribat Al Khayr,33.82,-4.41,Morocco,MA,MAR,Fès-Meknès,,18469.0,1504387842
Aït Bouchta,Ait Bouchta,35.0009,-3.8728,Morocco,MA,MAR,Tanger-Tétouan-Al Hoceïma,,18271.0,1504367001
Sahel,Sahel,34.9667,-4.55,Morocco,MA,MAR,Tanger-Tétouan-Al Hoceïma,,18258.0,1504781617
Ikniwn,Ikniwn,31.1717,-5.6489,Morocco,MA,MAR,Drâa-Tafilalet,,18235.0,1504281850
Aït Tamlil,Ait Tamlil,31.4953,-6.8654,Morocco,MA,MAR,Béni Mellal-Khénifra,,18091.0,1504250838
Bou Izakarn,Bou Izakarn,29.1754,-9.7064,Morocco,MA,MAR,Guelmim-Oued Noun,,18036.0,1504787076
Lamrasla,Lamrasla,32.0247,-8.9153,Morocco,MA,MAR,Marrakech-Safi,,17997.0,1504000483
Sidi Redouane,Sidi Redouane,34.6833,-5.45,Morocco,MA,MAR,Tanger-Tétouan-Al Hoceïma,,17903.0,1504580531
Zaouïa Aït Ishak,Zaouia Ait Ishak,32.76,-5.7233,Morocco,MA,MAR,Béni Mellal-Khénifra,,17847.0,1504322304
Douar Oulad Mbarek,Douar Oulad Mbarek,34.2957,-4.2885,Morocco,MA,MAR,Fès-Meknès,,17562.0,1504643299
Arbaa Laaounate,Arbaa Laaounate,32.7446,-8.1942,Morocco,MA,MAR,Casablanca-Settat,,17486.0,1504711140
Dar Chaifat,Dar Chaifat,32.55,-7.5,Morocco,MA,MAR,Casablanca-Settat,,17411.0,1504290821
Ait Yazza,Ait Yazza,30.5063,-8.7931,Morocco,MA,MAR,Souss-Massa,,17339.0,1504675685
Milla’ab,Milla'ab,31.4737,-4.7424,Morocco,MA,MAR,Drâa-Tafilalet,,17230.0,1504537795
Chouafa,Chouafa,34.8988,-6.2177,Morocco,MA,MAR,Rabat-Salé-Kénitra,,17202.0,1504440228
Sidi Zouine,Sidi Zouine,31.6706,-8.3456,Morocco,MA,MAR,Marrakech-Safi,,17130.0,1504333871
Ksar Sghir,Ksar Sghir,35.8419,-5.5586,Morocco,MA,MAR,Tanger-Tétouan-Al Hoceïma,,17125.0,1504919377
Ait Yaazem,Ait Yaazem,33.7446,-5.6087,Morocco,MA,MAR,Fès-Meknès,,16912.0,1504697698
Bou Fekrane,Bou Fekrane,33.7571,-5.4853,Morocco,MA,MAR,Fès-Meknès,,16892.0,1504146532
Tamazouzt,Tamazouzt,31.3833,-8.3833,Morocco,MA,MAR,Marrakech-Safi,,16886.0,1504120032
Zirara,Zirara,34.2279,-5.7473,Morocco,MA,MAR,Casablanca-Settat,,16829.0,1504681558
Al Qbab,Al Qbab,32.6697,-5.4647,Morocco,MA,MAR,Béni Mellal-Khénifra,,16719.0,1504689479
Khat Azakane,Khat Azakane,32.2226,-9.1343,Morocco,MA,MAR,Marrakech-Safi,,16691.0,1504377421
Ketama,Ketama,34.9158,-4.5686,Morocco,MA,MAR,Tanger-Tétouan-Al Hoceïma,,16690.0,1504947642
Douar Bni Ansar,Douar Bni Ansar,35.1586,-4.9128,Morocco,MA,MAR,Tanger-Tétouan-Al Hoceïma,,16660.0,1504338236
Sidi Ettiji,Sidi Ettiji,32.1717,-8.8686,Morocco,MA,MAR,Marrakech-Safi,,16649.0,1504984837
Anazzou,Anazzou,30.6333,-8.05,Morocco,MA,MAR,Souss-Massa,,16554.0,1504693352
Bni Rzine,Bni Rzine,35.0108,-4.7262,Morocco,MA,MAR,Tanger-Tétouan-Al Hoceïma,,16539.0,1504313733
Sidi Lamine,Sidi Lamine,32.9,-6.05,Morocco,MA,MAR,Béni Mellal-Khénifra,,16501.0,1504670404
Oulad Amrane,Oulad Amrane,32.2833,-9.2333,Morocco,MA,MAR,Marrakech-Safi,,16457.0,1504791859
Tagalft,Tagalft,32.2381,-6.1194,Morocco,MA,MAR,Béni Mellal-Khénifra,,16412.0,1504338163
Ghouazi,Ghouazi,34.4725,-5.2131,Morocco,MA,MAR,Fès-Meknès,,16405.0,1504717727
Tabant,Tabant,31.6581,-6.42,Morocco,MA,MAR,Béni Mellal-Khénifra,,16401.0,1504160916
Oued Jdida,Oued Jdida,33.9333,-5.3667,Morocco,MA,MAR,Fès-Meknès,,16379.0,1504052620
Bouarouss,Bouarouss,34.3918,-4.8302,Morocco,MA,MAR,Fès-Meknès,,16329.0,1504643537
Aç-çahrij,Ac-cahrij,31.7914,-7.1475,Morocco,MA,MAR,Marrakech-Safi,,16313.0,1504655221
Ahfir,Ahfir,34.9514,-2.1025,Morocco,MA,MAR,Oriental,,16310.0,1504027251
Beni Zouli,Beni Zouli,30.4839,-5.8619,Morocco,MA,MAR,Drâa-Tafilalet,,16241.0,1504549752
Timezgana,Timezgana,34.5833,-4.7333,Morocco,MA,MAR,Fès-Meknès,,16172.0,1504420273
Douar El Arbaa Bou Quorra,Douar El Arbaa Bou Quorra,34.7485,-5.1971,Morocco,MA,MAR,Tanger-Tétouan-Al Hoceïma,,16163.0,1504563622
Knemis Dades,Knemis Dades,31.309,-6.028,Morocco,MA,MAR,Drâa-Tafilalet,,16154.0,1504000136
Aghbal,Aghbal,34.9394,-2.1272,Morocco,MA,MAR,Oriental,,16113.0,1504000927
Ouaouzgane,Ouaouzgane,35.0199,-4.5181,Morocco,MA,MAR,Tanger-Tétouan-Al Hoceïma,,16075.0,1504425512
Sidi Azzouz,Sidi Azzouz,31.76,-7.66,Morocco,MA,MAR,Marrakech-Safi,,16001.0,1504893148
Sidi Azzouz,Sidi Azzouz,34.5411,-5.7516,Morocco,MA,MAR,Rabat-Salé-Kénitra,,16001.0,1504816748
Gourrama,Gourrama,32.3375,-4.0761,Morocco,MA,MAR,Drâa-Tafilalet,,15952.0,1504780592
Ras el Oued,Ras el Oued,34.15,-4.0,Morocco,MA,MAR,Fès-Meknès,,15949.0,1504000629
Jbabra,Jbabra,34.4314,-4.9642,Morocco,MA,MAR,Fès-Meknès,,15904.0,1504581289
Aghbalou Aqourar,Aghbalou Aqourar,33.9342,-4.7381,Morocco,MA,MAR,Fès-Meknès,,15835.0,1504995287
Tirhassaline,Tirhassaline,32.7822,-5.6517,Morocco,MA,MAR,Béni Mellal-Khénifra,,15788.0,1504798306
Oulad Alioua,Oulad Alioua,30.3761,-9.3203,Morocco,MA,MAR,Souss-Massa,,15697.0,1504550844
Mellila,Mellila,33.3833,-7.1333,Morocco,MA,MAR,Casablanca-Settat,,15692.0,1504008725
Iheddadene,Iheddadene,31.2,-9.65,Morocco,MA,MAR,Oriental,,15667.0,1504836101
Driouch,Driouch,34.8665,-3.4223,Morocco,MA,MAR,Oriental,,15661.0,1504125393
Tarhzout n’Aït Yazza,Tarhzout n'Ait Yazza,31.4567,-5.4192,Morocco,MA,MAR,Drâa-Tafilalet,,15654.0,1504333843
Assa,Assa,28.6086,-9.4269,Morocco,MA,MAR,Guelmim-Oued Noun,,15601.0,1504311835
Skhour Rehamna,Skhour Rehamna,32.4833,-7.9167,Morocco,MA,MAR,Marrakech-Safi,,15565.0,1504150525
Sabbah,Sabbah,33.8036,-7.0372,Morocco,MA,MAR,Rabat-Salé-Kénitra,,15552.0,1504883472
’Ayn Bni Mathar,'Ayn Bni Mathar,34.0889,-2.0247,Morocco,MA,MAR,Oriental,,15488.0,1504845272
Midar,Midar,34.9402,-3.5331,Morocco,MA,MAR,Oriental,,15391.0,1504267844
Aïn Jemaa,Ain Jemaa,34.0333,-5.8,Morocco,MA,MAR,Fès-Meknès,,15265.0,1504158964
Tazert,Tazert,31.6597,-7.4092,Morocco,MA,MAR,Marrakech-Safi,,15243.0,1504394144
Souk Et-Tleta des Oulad Hamdane,Souk Et-Tleta des Oulad Hamdane,33.1044,-8.2502,Morocco,MA,MAR,Casablanca-Settat,,15205.0,1504163979
Galaz,Galaz,34.55,-4.8,Morocco,MA,MAR,Fès-Meknès,,15201.0,1504676326
Sebt Aït Saghiouchen,Sebt Ait Saghiouchen,34.0122,-4.5536,Morocco,MA,MAR,Fès-Meknès,,15147.0,1504600750
Tagounite,Tagounite,29.9833,-5.5667,Morocco,MA,MAR,Drâa-Tafilalet,,15122.0,1504500189
Aïn Mediouna,Ain Mediouna,34.5,-4.55,Morocco,MA,MAR,Fès-Meknès,,15115.0,1504603767
Mqam at Tolba,Mqam at Tolba,34.0173,-6.25,Morocco,MA,MAR,Rabat-Salé-Kénitra,,15070.0,1504020296
Ben Taieb,Ben Taieb,35.0428,-3.4572,Morocco,MA,MAR,Oriental,,15002.0,1504783487
Zemrane,Zemrane,31.7131,-7.5172,Morocco,MA,MAR,Marrakech-Safi,,14995.0,1504983059
Ratba,Ratba,34.7833,-4.9333,Morocco,MA,MAR,Fès-Meknès,,14944.0,1504991654
Ain Kansara,Ain Kansara,34.15,-4.8314,Morocco,MA,MAR,Fès-Meknès,,14910.0,1504724133
Sidi Yahia,Sidi Yahia,30.4969,-8.8211,Morocco,MA,MAR,Souss-Massa,,14878.0,1504503193
Ezzhiliga,Ezzhiliga,33.3,-6.5333,Morocco,MA,MAR,Rabat-Salé-Kénitra,,14788.0,1504882785
Ajdir,Ajdir,34.7443,-3.9735,Morocco,MA,MAR,Fès-Meknès,,14755.0,1504653928
Boula’wane,Boula'wane,32.8637,-8.0707,Morocco,MA,MAR,Casablanca-Settat,,14740.0,1504484491
Bou Djeniba,Bou Djeniba,32.9,-6.7833,Morocco,MA,MAR,Béni Mellal-Khénifra,,14722.0,1504676510
Oulad Driss,Oulad Driss,31.9996,-8.2276,Morocco,MA,MAR,Marrakech-Safi,,14716.0,1504026756
Esbiaat,Esbiaat,32.2044,-8.5608,Morocco,MA,MAR,Marrakech-Safi,,14662.0,1504764211
Madagh,Madagh,35.0507,-2.3747,Morocco,MA,MAR,Oriental,,14659.0,1504000835
Ifrane,Ifrane,33.5333,-5.1167,Morocco,MA,MAR,Fès-Meknès,,14659.0,1504656119
Targuist,Targuist,34.9402,-4.3208,Morocco,MA,MAR,Tanger-Tétouan-Al Hoceïma,,14638.0,1504459578
Goulmima,Goulmima,31.6944,-4.9592,Morocco,MA,MAR,Drâa-Tafilalet,,14624.0,1504139417
Ayt ’Attou ou L’Arbi,Ayt 'Attou ou L'Arbi,31.5456,-8.2967,Morocco,MA,MAR,Marrakech-Safi,,14603.0,1504796196
Masmouda,Masmouda,34.7861,-5.7078,Morocco,MA,MAR,Tanger-Tétouan-Al Hoceïma,,14594.0,1504193768
Oulad Bou Rahmoun,Oulad Bou Rahmoun,32.2953,-6.6669,Morocco,MA,MAR,Béni Mellal-Khénifra,,14583.0,1504264037
Douar Oulad Driss,Douar Oulad Driss,31.9039,-8.3024,Morocco,MA,MAR,Marrakech-Safi,,14468.0,1504141138
Zayda,Zayda,32.8183,-4.9594,Morocco,MA,MAR,Drâa-Tafilalet,,14454.0,1504467977
Ihaddadene,Ihaddadene,31.2015,-9.6438,Morocco,MA,MAR,Marrakech-Safi,,14345.0,1504932139
Douar Oulad Youssef,Douar Oulad Youssef,32.4806,-6.3769,Morocco,MA,MAR,Béni Mellal-Khénifra,,14247.0,1504001351
Douar Hammadi,Douar Hammadi,31.609,-8.4604,Morocco,MA,MAR,Marrakech-Safi,,14227.0,1504604687
Khmis Sidi al ’Aydi,Khmis Sidi al 'Aydi,33.1228,-7.6219,Morocco,MA,MAR,Casablanca-Settat,,14165.0,1504059482
’Tlat Bni Oukil,'Tlat Bni Oukil,32.5949,-6.8595,Morocco,MA,MAR,Béni Mellal-Khénifra,,14097.0,1504789319
Douar Lehgagcha,Douar Lehgagcha,32.55,-8.7167,Morocco,MA,MAR,Casablanca-Settat,,14059.0,1504017254
Zemamra,Zemamra,32.6215,-8.7022,Morocco,MA,MAR,Casablanca-Settat,,13993.0,1504256384
Bni Darkoul,Bni Darkoul,35.0563,-5.0688,Morocco,MA,MAR,Tanger-Tétouan-Al Hoceïma,,13984.0,1504747977
Sebt Bni Smith,Sebt Bni Smith,35.1372,-4.7106,Morocco,MA,MAR,Tanger-Tétouan-Al Hoceïma,,13918.0,1504877940
Toulal,Toulal,32.3016,-3.9845,Morocco,MA,MAR,Drâa-Tafilalet,,13852.0,1504925224
Iygli,Iygli,29.5001,-9.0501,Morocco,MA,MAR,Souss-Massa,,13832.0,1504318474
Aït Youssef Ou Ali,Ait Youssef Ou Ali,35.177,-3.8849,Morocco,MA,MAR,Drâa-Tafilalet,,13830.0,1504087117
El Kansera,El Kansera,34.0419,-5.9272,Morocco,MA,MAR,Rabat-Salé-Kénitra,,13792.0,1504142817
Kasba Tanora,Kasba Tanora,32.475,-6.1497,Morocco,MA,MAR,Béni Mellal-Khénifra,,13773.0,1504367360
Bouchabel,Bouchabel,34.3833,-5.0167,Morocco,MA,MAR,Fès-Meknès,,13767.0,1504000782
Sidi Abdelkarim,Sidi Abdelkarim,33.1869,-7.2333,Morocco,MA,MAR,Casablanca-Settat,,13759.0,1504411270
Commune Sidi Youssef Ben Ahmed,Commune Sidi Youssef Ben Ahmed,33.8388,-4.7845,Morocco,MA,MAR,Fès-Meknès,,13748.0,1504774244
Ighrem n’Ougdal,Ighrem n'Ougdal,31.2282,-7.4237,Morocco,MA,MAR,Drâa-Tafilalet,,13727.0,1504078159
Bhalil,Bhalil,33.85,-4.8667,Morocco,MA,MAR,Fès-Meknès,,13727.0,1504827842
Tazzarine,Tazzarine,30.7779,-5.56,Morocco,MA,MAR,Drâa-Tafilalet,,13721.0,1504777093
L’Oulja,L'Oulja,34.2894,-4.9481,Morocco,MA,MAR,Fès-Meknès,,13679.0,1504438935
Douar Tabouda,Douar Tabouda,34.7167,-5.1333,Morocco,MA,MAR,Fès-Meknès,,13635.0,1504107473
Ait Lhaj All,Ait Lhaj All,33.7622,-5.335,Morocco,MA,MAR,Fès-Meknès,,13604.0,1504653933
Bezou,Bezou,32.1,-7.05,Morocco,MA,MAR,Béni Mellal-Khénifra,,13602.0,1504408285
Douar Souk L‘qolla,Douar Souk L`qolla,35.0691,-5.57,Morocco,MA,MAR,Tanger-Tétouan-Al Hoceïma,,13592.0,1504031338
Bni Quolla,Bni Quolla,34.7381,-5.5442,Morocco,MA,MAR,Tanger-Tétouan-Al Hoceïma,,13551.0,1504770766
Mensora,Mensora,34.8434,-4.9626,Morocco,MA,MAR,Tanger-Tétouan-Al Hoceïma,,13526.0,1504316721
Tounfit,Tounfit,32.4658,-5.2494,Morocco,MA,MAR,Drâa-Tafilalet,,13424.0,1504650500
Boudenib,Boudenib,31.9497,-3.6078,Morocco,MA,MAR,Drâa-Tafilalet,,13411.0,1504858254
Oulad Ouchchih,Oulad Ouchchih,35.0939,-5.9453,Morocco,MA,MAR,Tanger-Tétouan-Al Hoceïma,,13409.0,1504064976
Wawizaght,Wawizaght,32.16,-6.35,Morocco,MA,MAR,Béni Mellal-Khénifra,,13402.0,1504619132
Aghbala,Aghbala,32.4806,-5.645,Morocco,MA,MAR,Béni Mellal-Khénifra,,13373.0,1504000722
Oulad Rahmoun,Oulad Rahmoun,32.3278,-6.5006,Morocco,MA,MAR,Béni Mellal-Khénifra,,13366.0,1504810043
Tleta Taghramt,Tleta Taghramt,35.7877,-5.4709,Morocco,MA,MAR,Tanger-Tétouan-Al Hoceïma,,13362.0,1504015428
Ounagha,Ounagha,31.5044,-9.6298,Morocco,MA,MAR,Marrakech-Safi,,13310.0,1504589161
Ras El Oued,Ras El Oued,34.339,-4.5558,Morocco,MA,MAR,Fès-Meknès,,13299.0,1504323676
Ourtzagh,Ourtzagh,34.55,-4.9333,Morocco,MA,MAR,Fès-Meknès,,13256.0,1504945412
Oulad Amor,Oulad Amor,32.0775,-7.6122,Morocco,MA,MAR,Marrakech-Safi,,13243.0,1504144517
Tafrant,Tafrant,34.625,-5.1242,Morocco,MA,MAR,Fès-Meknès,,13217.0,1504722056
Jaidte Lbatma,Jaidte Lbatma,31.6806,-7.7281,Morocco,MA,MAR,Marrakech-Safi,,13193.0,1504017587
Oulad Chikh,Oulad Chikh,32.8544,-7.5386,Morocco,MA,MAR,Casablanca-Settat,,13153.0,1504262708
Sidi Moussa Ben Ali,Sidi Moussa Ben Ali,33.5594,-7.3817,Morocco,MA,MAR,Casablanca-Settat,,12973.0,1504600250
Aït I’yach,Ait I'yach,32.6909,-4.9292,Morocco,MA,MAR,Drâa-Tafilalet,,12932.0,1504002583
Douar Sgarta,Douar Sgarta,32.2634,-7.5881,Morocco,MA,MAR,Marrakech-Safi,,12870.0,1504288503
Tamsaout,Tamsaout,34.8223,-4.7512,Morocco,MA,MAR,Souss-Massa,,12856.0,1504846802
Sidi Kasem,Sidi Kasem,35.5339,-5.2183,Morocco,MA,MAR,Tanger-Tétouan-Al Hoceïma,,12851.0,1504343854
Ahlaf,Ahlaf,33.2836,-7.09,Morocco,MA,MAR,Casablanca-Settat,,12841.0,1504239196
Gharbia,Gharbia,35.5153,-5.9306,Morocco,MA,MAR,Tanger-Tétouan-Al Hoceïma,,12838.0,1504656773
Al Fayd,Al Fayd,30.5445,-8.2271,Morocco,MA,MAR,Souss-Massa,,12811.0,1504770478
Nkheila,Nkheila,32.9239,-7.0692,Morocco,MA,MAR,Casablanca-Settat,,12787.0,1504638850
Zag,Zag,28.0167,-9.3333,Morocco,MA,MAR,Guelmim-Oued Noun,,12763.0,1504746689
Laamarna,Laamarna,31.8944,-8.9842,Morocco,MA,MAR,Marrakech-Safi,,12717.0,1504140780
Iazizatene,Iazizatene,35.2544,-3.115,Morocco,MA,MAR,Oriental,,12706.0,1504122645
Souq Jamaa Fdalate,Souq Jamaa Fdalate,33.5911,-7.2792,Morocco,MA,MAR,Casablanca-Settat,,12700.0,1504280232
Ahermoumou,Ahermoumou,33.83,-4.4,Morocco,MA,MAR,Fès-Meknès,,12654.0,1504332158
Moulay Driss Zerhoun,Moulay Driss Zerhoun,34.0559,-5.5183,Morocco,MA,MAR,Fès-Meknès,,12611.0,1504880171
Souakene,Souakene,35.1203,-5.9307,Morocco,MA,MAR,Tanger-Tétouan-Al Hoceïma,,12582.0,1504734379
Zaouiat Moulay Bouchta El Khammar,Zaouiat Moulay Bouchta El Khammar,34.5096,-5.1402,Morocco,MA,MAR,Fès-Meknès,,12554.0,1504234234
Tizi Nisly,Tizi Nisly,32.486,-5.7847,Morocco,MA,MAR,Béni Mellal-Khénifra,,12547.0,1504779871
Reggada,Reggada,29.5716,-9.6972,Morocco,MA,MAR,Souss-Massa,,12521.0,1504921230
Sidi Bou Othmane,Sidi Bou Othmane,31.9033,-7.9422,Morocco,MA,MAR,Marrakech-Safi,,12490.0,1504562796
Talwat,Talwat,31.2883,-7.2372,Morocco,MA,MAR,Drâa-Tafilalet,,12396.0,1504140319
Boumalne,Boumalne,31.3738,-5.9956,Morocco,MA,MAR,Drâa-Tafilalet,,12391.0,1504840361
Sidi ’Ali Bou Aqba,Sidi 'Ali Bou Aqba,34.8167,-3.7286,Morocco,MA,MAR,Fès-Meknès,,12354.0,1504964057
Oulad Aïssa,Oulad Aissa,30.558,-8.614,Morocco,MA,MAR,Souss-Massa,,12331.0,1504718030
Ar Rommani,Ar Rommani,33.5333,-6.6,Morocco,MA,MAR,Rabat-Salé-Kénitra,,12297.0,1504782261
Tizgane,Tizgane,35.4136,-5.0694,Morocco,MA,MAR,Tanger-Tétouan-Al Hoceïma,,12292.0,1504806808
Temsamane,Temsamane,35.1167,-3.6333,Morocco,MA,MAR,Oriental,,12198.0,1504304960
Guisser,Guisser,32.7721,-7.4942,Morocco,MA,MAR,Casablanca-Settat,,12189.0,1504348253
Sebt Labrikiyne,Sebt Labrikiyne,32.2889,-8.0578,Morocco,MA,MAR,Marrakech-Safi,,12185.0,1504100244
El Argoub,El Argoub,23.6111,-15.8583,Morocco,MA,MAR,Souss-Massa,,12182.0,1504166253
Sidi Abdellah Ben Taazizt,Sidi Abdellah Ben Taazizt,34.0346,-5.3769,Morocco,MA,MAR,Fès-Meknès,,12158.0,1504278658
Oulad Hamdane,Oulad Hamdane,33.1043,-8.2513,Morocco,MA,MAR,Béni Mellal-Khénifra,,12130.0,1504839995
Tissa,Tissa,34.2833,-4.6667,Morocco,MA,MAR,Fès-Meknès,,12096.0,1504017756
Oulad Fares,Oulad Fares,32.7938,-7.2123,Morocco,MA,MAR,Tanger-Tétouan-Al Hoceïma,,12096.0,1504046403
Douar Ras el Ksar,Douar Ras el Ksar,33.9819,-3.7494,Morocco,MA,MAR,Oriental,,12092.0,1504604006
Bni Khloug,Bni Khloug,32.65,-7.3833,Morocco,MA,MAR,Casablanca-Settat,,12092.0,1504624308
Oulad Amrane el Mekki,Oulad Amrane el Mekki,32.3736,-8.5395,Morocco,MA,MAR,Tanger-Tétouan-Al Hoceïma,,12059.0,1504220156
Ouaklim Oukider,Ouaklim Oukider,31.45,-5.55,Morocco,MA,MAR,Drâa-Tafilalet,,12050.0,1504219729
Matmata,Matmata,34.0945,-4.4842,Morocco,MA,MAR,Fès-Meknès,,11964.0,1504966128
Lamhadi,Lamhadi,30.3725,-9.0478,Morocco,MA,MAR,Marrakech-Safi,,11927.0,1504208121
Sidi Amer El Hadi,Sidi Amer El Hadi,34.7992,-5.8394,Morocco,MA,MAR,Rabat-Salé-Kénitra,,11868.0,1504103648
Takad Sahel,Takad Sahel,30.25,-9.55,Morocco,MA,MAR,Souss-Massa,,11866.0,1504426241
Oulad Hamdane,Oulad Hamdane,32.4199,-8.664,Morocco,MA,MAR,Marrakech-Safi,,11866.0,1504871479
Jamaat Shaim,Jamaat Shaim,32.35,-8.85,Morocco,MA,MAR,Marrakech-Safi,,11865.0,1504695746
Aj Jourf,Aj Jourf,31.4903,-4.4014,Morocco,MA,MAR,Drâa-Tafilalet,,11865.0,1504982069
Toualet,Toualet,32.7769,-7.6669,Morocco,MA,MAR,Casablanca-Settat,,11822.0,1504141379
Kissane Ltouqi,Kissane Ltouqi,34.6,-5.0833,Morocco,MA,MAR,Fès-Meknès,,11763.0,1504247609
Zaouiet Says,Zaouiet Says,32.7931,-8.6506,Morocco,MA,MAR,Casablanca-Settat,,11730.0,1504180910
Tilmi,Tilmi,31.8189,-5.7718,Morocco,MA,MAR,Drâa-Tafilalet,,11691.0,1504580420
Oued Laou,Oued Laou,35.45,-5.0833,Morocco,MA,MAR,Tanger-Tétouan-Al Hoceïma,,11690.0,1504708598
Teroual,Teroual,34.6886,-5.2409,Morocco,MA,MAR,Tanger-Tétouan-Al Hoceïma,,11673.0,1504418024
Lahfayr,Lahfayr,30.57,-8.4878,Morocco,MA,MAR,Souss-Massa,,11622.0,1504992138
Tamanar,Tamanar,31.0833,-9.6756,Morocco,MA,MAR,Marrakech-Safi,,11617.0,1504600694
Tissaf,Tissaf,33.3259,-3.3202,Morocco,MA,MAR,Fès-Meknès,,11615.0,1504419451
Tilougguit,Tilougguit,32.0333,-6.2,Morocco,MA,MAR,Béni Mellal-Khénifra,,11592.0,1504513715
Douar Oulad Naoual,Douar Oulad Naoual,34.4936,-5.7108,Morocco,MA,MAR,Rabat-Salé-Kénitra,,11578.0,1504215350
Timahdit,Timahdit,33.2369,-5.06,Morocco,MA,MAR,Fès-Meknès,,11571.0,1504460788
Bou Adel,Bou Adel,34.5428,-4.5075,Morocco,MA,MAR,Fès-Meknès,,11564.0,1504793576
Taïneste,Taineste,34.5556,-4.1347,Morocco,MA,MAR,Fès-Meknès,,11530.0,1504640576
Dzouz,Dzouz,31.8697,-7.3097,Morocco,MA,MAR,Marrakech-Safi,,11527.0,1504484074
Dar Ould Zidouh,Dar Ould Zidouh,32.3429,-6.894,Morocco,MA,MAR,Béni Mellal-Khénifra,,11491.0,1504900512
Asjen,Asjen,34.85,-5.6167,Morocco,MA,MAR,Tanger-Tétouan-Al Hoceïma,,11479.0,1504066835
Steha,Steha,35.3646,-4.9306,Morocco,MA,MAR,Tanger-Tétouan-Al Hoceïma,,11452.0,1504350850
Mayate,Mayate,32.2719,-7.525,Morocco,MA,MAR,Marrakech-Safi,,11443.0,1504516626
Tatoufet,Tatoufet,35.0339,-5.7706,Morocco,MA,MAR,Tanger-Tétouan-Al Hoceïma,,11434.0,1504842271
Oulad Friha,Oulad Friha,32.6108,-7.625,Morocco,MA,MAR,Casablanca-Settat,,11410.0,1504629949
Touama,Touama,31.5339,-7.4872,Morocco,MA,MAR,Marrakech-Safi,,11401.0,1504529527
El Menzel,El Menzel,33.8389,-4.5458,Morocco,MA,MAR,Fès-Meknès,,11400.0,1504965368
Douar Trougout,Douar Trougout,35.1797,-3.7714,Morocco,MA,MAR,Oriental,,11348.0,1504618230
Zawiat Moulay Brahim,Zawiat Moulay Brahim,31.2858,-7.9656,Morocco,MA,MAR,Marrakech-Safi,,11331.0,1504818335
Sebt Bni Garfett,Sebt Bni Garfett,35.25,-5.8333,Morocco,MA,MAR,Tanger-Tétouan-Al Hoceïma,,11311.0,1504641834
Jem’at Oulad ’Abbou,Jem'at Oulad 'Abbou,33.1148,-7.9336,Morocco,MA,MAR,Casablanca-Settat,,11299.0,1504650087
Derdara,Derdara,35.1206,-5.3647,Morocco,MA,MAR,Tanger-Tétouan-Al Hoceïma,,11276.0,1504274445
Zawyat Ahançal,Zawyat Ahancal,31.8325,-6.1056,Morocco,MA,MAR,Béni Mellal-Khénifra,,11260.0,1504237708
Douar Oulad Nader,Douar Oulad Nader,32.3514,-6.5107,Morocco,MA,MAR,Béni Mellal-Khénifra,,11256.0,1504911149
Kariat Ben Aouda,Kariat Ben Aouda,34.7667,-5.95,Morocco,MA,MAR,Rabat-Salé-Kénitra,,11238.0,1504991922
Kef el Rhar,Kef el Rhar,34.5075,-4.2628,Morocco,MA,MAR,Fès-Meknès,,11229.0,1504468214
Agdz,Agdz,30.6984,-6.4729,Morocco,MA,MAR,Drâa-Tafilalet,,11189.0,1504481123
Imlil,Imlil,31.7567,-7.0106,Morocco,MA,MAR,Béni Mellal-Khénifra,,11175.0,1504125012
Douar Ain Maatouf,Douar Ain Maatouf,34.4353,-4.5567,Morocco,MA,MAR,Fès-Meknès,,11165.0,1504798283
Msila,Msila,34.4427,-4.1711,Morocco,MA,MAR,Tanger-Tétouan-Al Hoceïma,,11161.0,1504170765
Amdel,Amdel,31.5617,-8.8944,Morocco,MA,MAR,Marrakech-Safi,,11130.0,1504656724
Aït Hani,Ait Hani,31.7786,-5.4555,Morocco,MA,MAR,Drâa-Tafilalet,,11120.0,1504963024
Ain Bida,Ain Bida,33.9856,-4.8931,Morocco,MA,MAR,Fès-Meknès,,11109.0,1504328927
Oulad Cherif,Oulad Cherif,34.2686,-4.1594,Morocco,MA,MAR,Marrakech-Safi,,11088.0,1504980361
Souq Sebt Says,Souq Sebt Says,32.7772,-8.6433,Morocco,MA,MAR,Casablanca-Settat,,11052.0,1504725186
Tarfaya,Tarfaya,27.9133,-12.9317,Morocco,MA,MAR,Laâyoune-Sakia El Hamra,,11030.0,1504687368
Farkhâna,Farkhana,35.2869,-3.0144,Morocco,MA,MAR,Oriental,,10994.0,1504047941
Tamezmout,Tamezmout,30.8075,-6.1142,Morocco,MA,MAR,Drâa-Tafilalet,,10953.0,1504920011
Bni Drar,Bni Drar,34.8281,-1.9936,Morocco,MA,MAR,Oriental,,10934.0,1504593239
Oued Amlil,Oued Amlil,34.1917,-4.2711,Morocco,MA,MAR,Fès-Meknès,,10929.0,1504286809
Tifni,Tifni,31.6281,-6.9444,Morocco,MA,MAR,Béni Mellal-Khénifra,,10906.0,1504629455
Oulad Hammou,Oulad Hammou,33.1156,-7.9333,Morocco,MA,MAR,Casablanca-Settat,,10894.0,1504000988
Tanant,Tanant,31.8667,-6.95,Morocco,MA,MAR,Béni Mellal-Khénifra,,10891.0,1504879588
Douar El Mellaliyine,Douar El Mellaliyine,35.6264,-5.3414,Morocco,MA,MAR,Tanger-Tétouan-Al Hoceïma,,10874.0,1504244223
El Ghourdane,El Ghourdane,32.3205,-8.7637,Morocco,MA,MAR,Marrakech-Safi,,10859.0,1504617504
Laghzawna,Laghzawna,33.1914,-7.6701,Morocco,MA,MAR,Casablanca-Settat,,10854.0,1504002065
Al M’aziz,Al M'aziz,33.7039,-6.34,Morocco,MA,MAR,Rabat-Salé-Kénitra,,10812.0,1504103308
El Arba Des Bir Lenni,El Arba Des Bir Lenni,34.3272,-4.2039,Morocco,MA,MAR,Fès-Meknès,,10801.0,1504816982
Oulad Daoud,Oulad Daoud,34.4303,-4.7728,Morocco,MA,MAR,Fès-Meknès,,10800.0,1504977021
Jaqma,Jaqma,33.2925,-7.4406,Morocco,MA,MAR,Casablanca-Settat,,10733.0,1504002032
Douar Bouchfaa,Douar Bouchfaa,34.1014,-4.2939,Morocco,MA,MAR,Fès-Meknès,,10724.0,1504240184
Lafrayta,Lafrayta,31.932,-7.26,Morocco,MA,MAR,Marrakech-Safi,,10721.0,1504011173
Kenafif,Kenafif,30.4167,-9.0333,Morocco,MA,MAR,Souss-Massa,,10706.0,1504378442
Jafra,Jafra,32.3639,-7.7295,Morocco,MA,MAR,Marrakech-Safi,,10689.0,1504134756
Taouloukoult,Taouloukoult,31.2167,-9.0833,Morocco,MA,MAR,Marrakech-Safi,,10682.0,1504583141
Sebt Ait Ikkou,Sebt Ait Ikkou,33.6686,-6.1372,Morocco,MA,MAR,Rabat-Salé-Kénitra,,10676.0,1504653022
Gammasa,Gammasa,31.4175,-8.4117,Morocco,MA,MAR,Marrakech-Safi,,10675.0,1504310079
Aghbalou n’Kerdous,Aghbalou n'Kerdous,31.6767,-5.2976,Morocco,MA,MAR,Drâa-Tafilalet,,10675.0,1504201813
Tnine Sidi Lyamani,Tnine Sidi Lyamani,35.3693,-5.9724,Morocco,MA,MAR,Tanger-Tétouan-Al Hoceïma,,10616.0,1504028221
Douar Sidi Laaroussi,Douar Sidi Laaroussi,31.845,-9.1586,Morocco,MA,MAR,Marrakech-Safi,,10604.0,1504954714
Ain Legdah,Ain Legdah,34.1646,-4.571,Morocco,MA,MAR,Fès-Meknès,,10598.0,1504429679
Meghraoua,Meghraoua,33.9322,-4.0456,Morocco,MA,MAR,Fès-Meknès,,10580.0,1504785980
Boured,Boured,34.7344,-4.0947,Morocco,MA,MAR,Fès-Meknès,,10516.0,1504251156
Saidia,Saidia,35.085,-2.2392,Morocco,MA,MAR,Oriental,,10514.0,1504105811
Itzer,Itzer,32.8808,-5.0542,Morocco,MA,MAR,Drâa-Tafilalet,,10513.0,1504216124
Oulad Slim,Oulad Slim,32.7775,-7.7725,Morocco,MA,MAR,Casablanca-Settat,,10511.0,1504468299
Laqraqra,Laqraqra,32.4051,-7.1484,Morocco,MA,MAR,Marrakech-Safi,,10493.0,1504203728
Abadou,Abadou,31.605,-7.2996,Morocco,MA,MAR,Marrakech-Safi,,10484.0,1504229584
Figuig,Figuig,32.1167,-1.2269,Morocco,MA,MAR,Oriental,,10449.0,1504487887
Lamsabih,Lamsabih,32.2933,-8.6889,Morocco,MA,MAR,Marrakech-Safi,,10443.0,1504233689
Bouderbala,Bouderbala,33.8123,-5.2871,Morocco,MA,MAR,Fès-Meknès,,10418.0,1504665592
El Khemis des Beni Chegdal,El Khemis des Beni Chegdal,32.4442,-6.955,Morocco,MA,MAR,Béni Mellal-Khénifra,,10413.0,1504549116
Douar Echbanat,Douar Echbanat,34.214,-5.3508,Morocco,MA,MAR,Fès-Meknès,,10371.0,1504340049
Ain Beida,Ain Beida,34.9349,-5.4607,Morocco,MA,MAR,Marrakech-Safi,,10368.0,1504673651
Imi Mokorn,Imi Mokorn,30.1675,-9.2322,Morocco,MA,MAR,Souss-Massa,,10365.0,1504588665
Fezouane,Fezouane,34.9164,-2.2042,Morocco,MA,MAR,Oriental,,10304.0,1504814812
Douar Jwalla,Douar Jwalla,31.8878,-7.4411,Morocco,MA,MAR,Marrakech-Safi,,10283.0,1504383482
Sidi Rahhal,Sidi Rahhal,31.6667,-7.4833,Morocco,MA,MAR,Marrakech-Safi,,10276.0,1504761731
Sidi Lahsene,Sidi Lahsene,34.0999,-2.6219,Morocco,MA,MAR,Oriental,,10260.0,1504193134
Tawnza,Tawnza,32.0944,-6.6025,Morocco,MA,MAR,Béni Mellal-Khénifra,,10254.0,1504959614
Zaggota,Zaggota,34.1667,-5.5333,Morocco,MA,MAR,Rabat-Salé-Kénitra,,10245.0,1504666777
Toundout,Toundout,31.2647,-6.5906,Morocco,MA,MAR,Drâa-Tafilalet,,10177.0,1504645333
Aïn Zohra,Ain Zohra,34.1,-6.35,Morocco,MA,MAR,Rabat-Salé-Kénitra,,10151.0,1504551981
Ben Qarrich,Ben Qarrich,35.5109,-5.4205,Morocco,MA,MAR,Tanger-Tétouan-Al Hoceïma,,10115.0,1504875020
Bou Zemou,Bou Zemou,32.1114,-5.5197,Morocco,MA,MAR,Drâa-Tafilalet,,10100.0,1504737844
Douar Ezzerarda,Douar Ezzerarda,33.9743,-4.3788,Morocco,MA,MAR,Rabat-Salé-Kénitra,,10092.0,1504537386
Sidi Ouassay,Sidi Ouassay,30.05,-9.6833,Morocco,MA,MAR,Souss-Massa,,10050.0,1504252264
Amtar,Amtar,35.2425,-4.7925,Morocco,MA,MAR,Tanger-Tétouan-Al Hoceïma,,10038.0,1504617084
Bni Oual,Bni Oual,34.6748,-5.6495,Morocco,MA,MAR,Rabat-Salé-Kénitra,,10014.0,1504403642
Tourza,Tourza,29.3885,-9.9607,Morocco,MA,MAR,Guelmim-Oued Noun,,10007.0,1504097455
Tiztoutine,Tiztoutine,34.9716,-3.1527,Morocco,MA,MAR,Oriental,,10000.0,1504907240
Arbaa Ayacha,Arbaa Ayacha,35.383,-5.8333,Morocco,MA,MAR,Tanger-Tétouan-Al Hoceïma,,9991.0,1504048390
Foum Zguid,Foum Zguid,30.0861,-6.8736,Morocco,MA,MAR,Souss-Massa,,9903.0,1504624650
Tizi Ouzli,Tizi Ouzli,34.7625,-3.7953,Morocco,MA,MAR,Fès-Meknès,,9852.0,1504925242
Tadla,Tadla,32.4396,-8.3465,Morocco,MA,MAR,Marrakech-Safi,,9840.0,1504540569
Mirleft,Mirleft,29.5782,-10.034,Morocco,MA,MAR,Guelmim-Oued Noun,,9828.0,1504612129
Bouabout,Bouabout,31.2655,-9.1786,Morocco,MA,MAR,Marrakech-Safi,,9825.0,1504119259
Ech Chaïbat,Ech Chaibat,31.6,-7.85,Morocco,MA,MAR,Marrakech-Safi,,9821.0,1504590724
Oulad Ayyad,Oulad Ayyad,34.0837,-4.6101,Morocco,MA,MAR,Béni Mellal-Khénifra,,9763.0,1504480318
Douar Brarba,Douar Brarba,34.45,-4.2972,Morocco,MA,MAR,Fès-Meknès,,9763.0,1504010915
Sidi Ahmed El Khadir,Sidi Ahmed El Khadir,32.5167,-7.3833,Morocco,MA,MAR,Casablanca-Settat,,9731.0,1504732408
Hetane,Hetane,32.8403,-6.8025,Morocco,MA,MAR,Béni Mellal-Khénifra,,9727.0,1504001674
Al Hammam,Al Hammam,33.1735,-5.4713,Morocco,MA,MAR,Béni Mellal-Khénifra,,9697.0,1504972770
Sidi Bousber,Sidi Bousber,34.5667,-5.3667,Morocco,MA,MAR,Tanger-Tétouan-Al Hoceïma,,9671.0,1504787633
Oulad Imloul,Oulad Imloul,32.0333,-7.7167,Morocco,MA,MAR,Marrakech-Safi,,9659.0,1504403330
Ameskroud,Ameskroud,30.5308,-9.3283,Morocco,MA,MAR,Souss-Massa,,9648.0,1504251726
Sidi El Hattab,Sidi El Hattab,32.2667,-7.2833,Morocco,MA,MAR,Marrakech-Safi,,9638.0,1504871106
Boujediane,Boujediane,35.1114,-5.7822,Morocco,MA,MAR,Tanger-Tétouan-Al Hoceïma,,9624.0,1504110188
Douar Lehouifrat,Douar Lehouifrat,32.28,-8.31,Morocco,MA,MAR,Marrakech-Safi,,9610.0,1504757840
Tinajdad,Tinajdad,31.9304,-4.4231,Morocco,MA,MAR,Drâa-Tafilalet,,9528.0,1504176217
Dar Si Aissa,Dar Si Aissa,32.4199,-8.908,Morocco,MA,MAR,Marrakech-Safi,,9528.0,1504931442
Kourimat,Kourimat,31.4603,-9.2833,Morocco,MA,MAR,Marrakech-Safi,,9526.0,1504079071
Oulad Chbana,Oulad Chbana,33.05,-7.3833,Morocco,MA,MAR,Casablanca-Settat,,9513.0,1504908719
Iksane,Iksane,35.1333,-3.0333,Morocco,MA,MAR,Oriental,,9502.0,1504090383
Douar Messassa,Douar Messassa,34.2803,-4.5336,Morocco,MA,MAR,Fès-Meknès,,9501.0,1504026758
Gaada,Gaada,35.1594,-2.9892,Morocco,MA,MAR,Oriental,,9496.0,1504325635
Zawyat Sidi al Mekki,Zawyat Sidi al Mekki,33.2122,-7.7164,Morocco,MA,MAR,Casablanca-Settat,,9476.0,1504769333
Nzalat Bni Amar,Nzalat Bni Amar,34.0981,-5.4161,Morocco,MA,MAR,Fès-Meknès,,9471.0,1504089771
El Marmouta,El Marmouta,32.1202,-7.4039,Morocco,MA,MAR,Marrakech-Safi,,9468.0,1504673974
Sidi Abdallah,Sidi Abdallah,32.5783,-7.8108,Morocco,MA,MAR,Marrakech-Safi,,9447.0,1504890231
Douar Oulad Bouziane,Douar Oulad Bouziane,34.2325,-5.0444,Morocco,MA,MAR,Fès-Meknès,,9444.0,1504500363
Had Dra,Had Dra,31.5833,-9.5333,Morocco,MA,MAR,Marrakech-Safi,,9435.0,1504953934
Sgamna,Sgamna,32.7342,-7.2033,Morocco,MA,MAR,Casablanca-Settat,,9427.0,1504088334
Mokrisset,Mokrisset,34.91,-5.3536,Morocco,MA,MAR,Tanger-Tétouan-Al Hoceïma,,9413.0,1504941621
Ait Touil,Ait Touil,33.7842,-6.1281,Morocco,MA,MAR,Rabat-Salé-Kénitra,,9375.0,1504272494
Foum Jam’a,Foum Jam'a,31.96,-6.98,Morocco,MA,MAR,Béni Mellal-Khénifra,,9373.0,1504414947
Taouz,Taouz,30.9069,-3.9958,Morocco,MA,MAR,Drâa-Tafilalet,,9360.0,1504003008
Laanoussar,Laanoussar,33.6833,-4.8167,Morocco,MA,MAR,Fès-Meknès,,9343.0,1504953318
La’tamna,La'tamna,31.9192,-7.3307,Morocco,MA,MAR,Marrakech-Safi,,9318.0,1504778865
Zawyat Sidi Ben Hamdoun,Zawyat Sidi Ben Hamdoun,33.045,-7.9292,Morocco,MA,MAR,Casablanca-Settat,,9315.0,1504593978
Oued El Makhazine,Oued El Makhazine,34.9333,-5.85,Morocco,MA,MAR,Rabat-Salé-Kénitra,,9289.0,1504125049
Douar Oulad Sidi Moussa,Douar Oulad Sidi Moussa,32.3353,-7.1528,Morocco,MA,MAR,Casablanca-Settat,,9260.0,1504471740
Bouhlou,Bouhlou,34.1333,-4.4,Morocco,MA,MAR,Fès-Meknès,,9259.0,1504965177
Sidi Bounaga,Sidi Bounaga,30.7106,-8.34,Morocco,MA,MAR,Souss-Massa,,9241.0,1504324945
Had Laaounate,Had Laaounate,32.6128,-8.2256,Morocco,MA,MAR,Casablanca-Settat,,9201.0,1504308918
Bir Gandús,Bir Gandus,21.6157,-16.4687,Morocco,MA,MAR,Dakhla-Oued Ed-Dahab,,9183.0,1504999980
Taghbalt,Taghbalt,30.62,-5.35,Morocco,MA,MAR,Drâa-Tafilalet,,9176.0,1504290154
Oulad Khallouf,Oulad Khallouf,31.7956,-7.0692,Morocco,MA,MAR,Marrakech-Safi,,9172.0,1504052239
Imilchil,Imilchil,32.155,-5.6347,Morocco,MA,MAR,Drâa-Tafilalet,,9164.0,1504516929
Mwaline al Oued,Mwaline al Oued,33.4467,-7.3283,Morocco,MA,MAR,Casablanca-Settat,,9117.0,1504001943
Jemaat Oulad Mhamed,Jemaat Oulad Mhamed,33.0939,-7.0519,Morocco,MA,MAR,Casablanca-Settat,,9081.0,1504791929
Talsint,Talsint,32.6444,-3.4846,Morocco,MA,MAR,Oriental,,9079.0,1504691780
Tarhjicht,Tarhjicht,29.0565,-9.428,Morocco,MA,MAR,Guelmim-Oued Noun,,9059.0,1504845971
Tiddas,Tiddas,33.5682,-6.2668,Morocco,MA,MAR,Rabat-Salé-Kénitra,,9013.0,1504837627
Freïja,Freija,30.4833,-8.7833,Morocco,MA,MAR,Souss-Massa,,9005.0,1504074088
Douar El Gouzal,Douar El Gouzal,34.4972,-4.1268,Morocco,MA,MAR,Fès-Meknès,,8992.0,1504849237
’Aïn Leuh,'Ain Leuh,33.3044,-5.3399,Morocco,MA,MAR,Fès-Meknès,,8989.0,1504668626
Oulad ’Azzouz,Oulad 'Azzouz,32.7693,-6.7543,Morocco,MA,MAR,Béni Mellal-Khénifra,,8983.0,1504559202
Sidi Dahbi,Sidi Dahbi,33.05,-7.1833,Morocco,MA,MAR,Casablanca-Settat,,8972.0,1504613432
Beni Oulid,Beni Oulid,34.5897,-4.4514,Morocco,MA,MAR,Fès-Meknès,,8967.0,1504501654
Bir Tam Tam,Bir Tam Tam,33.9831,-4.6397,Morocco,MA,MAR,Fès-Meknès,,8954.0,1504669372
Ksar Lmajaz,Ksar Lmajaz,35.8448,-5.5519,Morocco,MA,MAR,Tanger-Tétouan-Al Hoceïma,,8949.0,1504167905
Bounaamane,Bounaamane,29.5283,-9.8044,Morocco,MA,MAR,Souss-Massa,,8932.0,1504463740
Bni Sidel,Bni Sidel,35.1294,-3.1237,Morocco,MA,MAR,Oriental,,8930.0,1504766280
Awfouss,Awfouss,31.7,-4.1167,Morocco,MA,MAR,Drâa-Tafilalet,,8888.0,1504561866
Smimou,Smimou,31.2301,-9.7025,Morocco,MA,MAR,Marrakech-Safi,,8883.0,1504484591
Lambarkiyine,Lambarkiyine,33.2,-7.5,Morocco,MA,MAR,Casablanca-Settat,,8863.0,1504527523
Aït Ouaoumana,Ait Ouaoumana,32.7128,-5.8042,Morocco,MA,MAR,Béni Mellal-Khénifra,,8850.0,1504002343
Agadir Melloul,Agadir Melloul,30.2249,-7.796,Morocco,MA,MAR,Souss-Massa,,8848.0,1504880181
Aït Hadi,Ait Hadi,31.3942,-8.7725,Morocco,MA,MAR,Marrakech-Safi,,8847.0,1504740675
Imelil,Imelil,31.1264,-7.9178,Morocco,MA,MAR,Marrakech-Safi,,8843.0,1504711800
Amarzgane,Amarzgane,31.05,-7.2167,Morocco,MA,MAR,Drâa-Tafilalet,,8820.0,1504948640
Arbaa Sahel,Arbaa Sahel,29.5993,-9.877,Morocco,MA,MAR,Souss-Massa,,8820.0,1504199672
Tissint,Tissint,29.9,-7.3167,Morocco,MA,MAR,Souss-Massa,,8797.0,1504720693
Brikcha,Brikcha,34.9667,-5.5833,Morocco,MA,MAR,Tanger-Tétouan-Al Hoceïma,,8777.0,1504666840
Mtal,Mtal,32.4908,-8.3781,Morocco,MA,MAR,Casablanca-Settat,,8773.0,1504849742
Oulad Saïd,Oulad Said,32.9633,-7.8115,Morocco,MA,MAR,Casablanca-Settat,,8745.0,1504282794
Ait Rami,Ait Rami,29.9608,-9.4234,Morocco,MA,MAR,Souss-Massa,,8706.0,1504231104
Sidi el Mokhfi,Sidi el Mokhfi,34.6039,-4.7889,Morocco,MA,MAR,Fès-Meknès,,8705.0,1504651133
Aïn Zora,Ain Zora,34.6575,-3.5331,Morocco,MA,MAR,Oriental,,8705.0,1504442402
Msemrir,Msemrir,31.7025,-5.8119,Morocco,MA,MAR,Drâa-Tafilalet,,8686.0,1504469179
Lehrhi,Lehrhi,32.835,-5.5851,Morocco,MA,MAR,Béni Mellal-Khénifra,,8669.0,1504464348
Aït Tagalla,Ait Tagalla,31.9167,-6.7167,Morocco,MA,MAR,Béni Mellal-Khénifra,,8662.0,1504861087
Aklim,Aklim,34.9292,-2.4353,Morocco,MA,MAR,Oriental,,8630.0,1504687369
El Amim,El Amim,32.2338,-7.2417,Morocco,MA,MAR,Marrakech-Safi,,8625.0,1504410510
Matarka,Matarka,33.2611,-2.7031,Morocco,MA,MAR,Oriental,,8623.0,1504787880
Za’roura,Za'roura,35.2167,-5.6667,Morocco,MA,MAR,Tanger-Tétouan-Al Hoceïma,,8615.0,1504534822
Oulad Khallouf,Oulad Khallouf,34.71,-2.58,Morocco,MA,MAR,Oriental,,8605.0,1504000678
Douar Sidi Msour,Douar Sidi Msour,32.2725,-7.1986,Morocco,MA,MAR,Marrakech-Safi,,8600.0,1504227184
Outa Bouabane,Outa Bouabane,34.2606,-4.4139,Morocco,MA,MAR,Fès-Meknès,,8560.0,1504009188
Had Kourt,Had Kourt,34.6167,-5.7333,Morocco,MA,MAR,Rabat-Salé-Kénitra,,8554.0,1504993491
Tizoual,Tizoual,31.0244,-7.8186,Morocco,MA,MAR,Souss-Massa,,8538.0,1504928212
Dar El Kebdani,Dar El Kebdani,35.1173,-3.3317,Morocco,MA,MAR,Oriental,,8518.0,1504332737
Mhamid el Rhozlane,Mhamid el Rhozlane,29.8222,-5.7208,Morocco,MA,MAR,Drâa-Tafilalet,,8508.0,1504876224
Tendrara,Tendrara,33.05,-2.0,Morocco,MA,MAR,Oriental,,8507.0,1504340310
Bni Tajjit,Bni Tajjit,32.3,-3.45,Morocco,MA,MAR,Oriental,,8489.0,1504670713
Douar Mzoura,Douar Mzoura,32.835,-7.9444,Morocco,MA,MAR,Rabat-Salé-Kénitra,,8426.0,1504336708
Sidi Boushab,Sidi Boushab,30.4667,-9.3056,Morocco,MA,MAR,Souss-Massa,,8386.0,1504333059
Douar Ait Taleb,Douar Ait Taleb,32.3839,-8.1856,Morocco,MA,MAR,Marrakech-Safi,,8075.0,1504079042
Jouamaa,Jouamaa,35.6478,-5.6785,Morocco,MA,MAR,Tanger-Tétouan-Al Hoceïma,,7173.0,1504888787
Berkine,Berkine,33.9331,-3.8439,Morocco,MA,MAR,Oriental,,6839.0,1504644082
El Aargub,El Aargub,23.5759,-15.8775,Morocco,MA,MAR,Dakhla-Oued Ed-Dahab,,5345.0,1504003879
Boureït,Boureit,34.9983,-4.893,Morocco,MA,MAR,Tanger-Tétouan-Al Hoceïma,,5043.0,1504130214
Reçani,Recani,31.2175,-4.2737,Morocco,MA,MAR,Drâa-Tafilalet,,4353.0,1504410951
Bou’nane,Bou'nane,32.2007,-2.8436,Morocco,MA,MAR,Oriental,,3329.0,1504957509
Tifariti,Tifariti,26.158,-10.567,Morocco,MA,MAR,Laâyoune-Sakia El Hamra,primary,3000.0,1504999990
Bir Anzarane,Bir Anzarane,23.8883,-14.5306,Morocco,MA,MAR,Dakhla-Oued Ed-Dahab,,2962.0,1504999993
Aïn el Mediour,Ain el Mediour,30.4,-8.8833,Morocco,MA,MAR,Souss-Massa,,2911.0,1504516108
Uad Damran,Uad Damran,27.4617,-12.9941,Morocco,MA,MAR,Laâyoune-Sakia El Hamra,,902.0,1504003880
Lemsid,Lemsid,26.55,-13.85,Morocco,MA,MAR,Laâyoune-Sakia El Hamra,,100.0,1504999975
Wislane,Wislane,30.225,-8.3801,Morocco,MA,MAR,Souss-Massa,,,1504929490
